{
  "shasta": {
    "exchanges": {
      "OKS": {
        "address": "4130c4c47bc610904402d6fd04ef2ef0d5c34726ea",
        "tokenAddress": "41e90ca52ebf82c295d79024076d37b6c5c604e172",
        "setup": true
      },
      "sUSD": {
        "address": "41a5938956d834061bd78d2a34c88ee7020c36da7d",
        "tokenAddress": "410e137dcc4bdb5bdbeb4dc7ea7f572f2dc683152d",
        "setup": true
      },
      "sTRX": {
        "address": "414ad3664873cc88a50e25ec58516eb4c4f05f2b83",
        "tokenAddress": "41056c4b3c825e6220784a640945e11a563f129722",
        "setup": true
      }
    },
    "factory": "41c898d89e9b2858f4e7ae652678029d4a621be827"
  },
  "mainnet": {
    "exchanges": {
      "OKS": {
        "address": "41c6521615602b1a4317fd946f234671ab3f994673",
        "tokenAddress": "41e11cdc164a9d8c1ae19d95b0165278690d39d84b",
        "setup": true
      },
      "sTRX": {
        "address": "41cd68af7ea323057bdd92ccd36aad2c4bb6b4ef48",
        "tokenAddress": "41a099cc498284ed6e25f3c99e6d55074e6ba42911",
        "setup": true
      },
      "USDJ": {
        "address": "41bf9196ba38d4164d6e348c3784506936d2f17f25",
        "tokenAddress": "41834295921a488d9d42b4b3021ed1a3c39fb0f03e",
        "setup": true
      },
      "JST": {
        "address": "4195f4a3a756f289f60dbf632d64d8542053fc32f8",
        "tokenAddress": "4118fd0626daf3af02389aef3ed87db9c33f638ffa",
        "setup": true
      },
      "sUSD": {
        "address": "416a6f4ad0e5b95d14b03c31a7c4411555f807a922",
        "tokenAddress": "41da2853b2bede0e3018f56d47624a413b2abe0831",
        "setup": true
      },
      "TEWKEN": {
        "address": "41344405c37e32e39656420890f4e3028cc00f5ada",
        "tokenAddress": "41130e4c9746e2f7b0a9d1f5eab71aa13896037ae8",
        "decimals": 6,
        "setup": true
      },
      "DCD": {
        "address": "41cd7e4e67354ff2eb57210f27cf25ec9698ab92b8",
        "tokenAddress": "418ce2b3fc3e8ad8fad36973a386547fb8a97326e0",
        "decimals": 6,
        "setup": true
      },
      "FRAG": {
        "address": "4192d01ba5d3ec92deab5ffe46c2b99f051796decd",
        "tokenAddress": "4197e47e0c1c2ac0e87f4e17faca01be854b2569c8",
        "setup": true
      },
      "USDT": {
        "address": "41d337e17c5bc42b9e81ca36dcbe1076c2c094707e",
        "tokenAddress": "41a614f803b6fd780986a42c78ec9c7f77e6ded13c",
        "decimals": 6,
        "setup": true
      },
      "CNS": {
        "address": "41bfedf059136ad91f316928ade9ebf8d0630483b6",
        "tokenAddress": "417c503a569a8e62210bdce6b3e733272e154d08ab",
        "decimals": 8,
        "setup": true
      },
      "BNKR": {
        "address": "41b8e350b56e26fdc2a8cbc0700657b88587043609",
        "tokenAddress": "418caeea9c7ebb8840ee4b49d10542b99cec6ffbc6",
        "decimals": 6,
        "setup": true
      },
      "sETH": {
        "address": "4154f6ac1482ba0d6c64cb6cec18d6c9ecce6146a9",
        "tokenAddress": "41a1402557c4c7a50f958e15c0527a60bf6666c77e",
        "decimals": 18,
        "setup": true
      },
      "MIMA": {
        "address": "4172ccd872a8fcde359c17be1d77a2a32befb19c64",
        "tokenAddress": "41400e3a5eaedd27b4d9193de2bf442e1d072d5a5c",
        "decimals": 6,
        "setup": true
      },
      "CSX": {
        "address": "419a1de68c673b245a1ef636bea562015dc01baf1f",
        "tokenAddress": "41629550b68f84db46b53ebe095c92e5815aaa6d24",
        "decimals": 6,
        "setup": true
      }
    },
    "factory": "410bdcba8ca6bafcec522f20eef0cce9ba603f3e43"
  }
}